<?xml version="1.0" encoding="utf-8"?>
<annotations>
  <version>1.1</version>
  <meta>
    <job>
      <id>610515</id>
      <size>4</size>
      <mode>annotation</mode>
      <overlap>0</overlap>
      <bugtracker></bugtracker>
      <created>2024-02-27 07:45:17.327611+00:00</created>
      <updated>2024-02-27 07:48:47.388965+00:00</updated>
      <subset>default</subset>
      <start_frame>0</start_frame>
      <stop_frame>3</stop_frame>
      <frame_filter></frame_filter>
      <segments>
        <segment>
          <id>611723</id>
          <start>0</start>
          <stop>3</stop>
          <url>https://app.cvat.ai/api/jobs/610515</url>
        </segment>
      </segments>
      <owner>
        <username>laura_j.</username>
        <email>hagedorn.lau@gmail.com</email>
      </owner>
      <assignee></assignee>
      <labels>
        <label>
          <name>standing</name>
          <color>#e82a3f</color>
          <type>any</type>
          <attributes>
          </attributes>
        </label>
        <label>
          <name>sitting</name>
          <color>#bfbe38</color>
          <type>any</type>
          <attributes>
          </attributes>
        </label>
        <label>
          <name>grooming</name>
          <color>#4ff279</color>
          <type>any</type>
          <attributes>
          </attributes>
        </label>
      </labels>
    </job>
    <dumped>2024-02-27 07:48:59.437181+00:00</dumped>
  </meta>
  <image id="0" name="1_LA_calib_121.jpg" width="1920" height="1080">
    <box label="standing" source="manual" occluded="0" xtl="917.38" ytl="468.66" xbr="1231.59" ybr="1049.14" z_order="0">
    </box>
    <points label="standing" source="manual" occluded="0" points="1087.80,575.17;1103.77,563.46;1075.02,560.26;1129.34,540.02;1067.56,536.83;1174.07,595.41;1015.37,591.15;1211.35,711.50;984.48,683.81;1202.83,777.54;940.82,758.37;1165.55,748.78;1047.33,753.04;1118.37,896.72;1048.39,881.92;1099.94,983.21;1039.23,962.97" z_order="0">
    </points>
  </image>
  <image id="1" name="2_RA_calib_121.jpg" width="1920" height="1080">
    <box label="standing" source="manual" occluded="0" xtl="818.34" ytl="396.14" xbr="1129.38" ybr="999.81" z_order="0">
    </box>
    <points label="standing" source="manual" occluded="0" points="985.83,501.04;985.83,480.80;967.42,484.48;969.26,460.55;926.93,480.80;987.67,526.81;873.56,565.46;1042.88,596.75;890.12,681.41;1092.57,629.88;943.49,758.71;982.14,663.01;901.16,743.99;912.21,812.08;989.51,839.69;888.28,900.43;995.03,946.44" z_order="0">
    </points>
  </image>
  <image id="2" name="3_LA_calib_353.jpg" width="1920" height="1080">
    <box label="standing" source="manual" occluded="0" xtl="1148.08" ytl="604.78" xbr="1425.01" ybr="1076.61" z_order="0">
    </box>
    <points label="standing" source="manual" occluded="0" points="1311.04,730.46;1323.82,717.68;1297.19,715.55;1354.71,686.79;1284.41,680.40;1388.79,721.94;1230.09,718.75;1384.53,828.45;1214.12,854.01;1352.58,907.27;1169.38,957.33;1346.19,952.00;1202.40,938.15;1255.66,1005.25;1242.88,1052.12;1197.08,1035.08;1219.44,1067.03" z_order="0">
    </points>
  </image>
  <image id="3" name="4_RA_calib_353.jpg" width="1920" height="1080">
    <box label="standing" source="manual" occluded="0" xtl="1059.68" ytl="368.33" xbr="1280.15" ybr="839.10" z_order="0">
    </box>
    <points label="standing" source="manual" occluded="0" points="1266.31,445.02;1250.33,436.50;1263.11,426.91;1233.29,432.24;1235.42,398.15;1235.42,495.08;1177.90,435.43;1166.19,622.89;1204.53,569.63;1213.05,701.70;1251.40,572.83;1134.24,637.80;1119.33,577.09;1193.88,736.85;1122.52,700.64;1183.23,807.15;1084.18,796.50" z_order="0">
    </points>
  </image>
</annotations>
